{
  "generated_at": "2026-05-05T15:02:48.120931+00:00",
  "by_feature": {
    "gender": {
      "Female": 0.1549421193232413,
      "Male": 0.1773049645390071
    },
    "city_tier": {
      "1": 0.14511729405346427,
      "2": 0.19834710743801653,
      "3": 0.21370499419279906
    },
    "marital_status": {
      "Divorced": 0.14622641509433962,
      "Married": 0.11520428667113194,
      "Single": 0.267260579064588
    },
    "preferred_payment_mode": {
      "COD": 0.2490272373540856,
      "Credit Card": 0.14205186020293123,
      "Debit Card": 0.15384615384615385,
      "E wallet": 0.2280130293159609,
      "UPI": 0.17391304347826086
    },
    "preferred_login_device": {
      "Computer": 0.19828641370869032,
      "Mobile Phone": 0.15615615615615616
    },
    "preferred_order_cat": {
      "Fashion": 0.1549636803874092,
      "Grocery": 0.04878048780487805,
      "Laptop & Accessory": 0.1024390243902439,
      "Mobile": 0.27403846153846156,
      "Others": 0.07575757575757576
    },
    "complain": {
      "0": 0.1092896174863388,
      "1": 0.3167082294264339
    }
  }
}