{
  "version": "v1.0.0",
  "algorithm": "XGBClassifier",
  "threshold": 0.20968244969844818,
  "val": {
    "set": "val",
    "n_samples": 845,
    "n_churned": 142,
    "auc_roc": 0.9804559934285657,
    "pr_auc": 0.9336852584937557,
    "brier_score": 0.04213802403697064,
    "threshold": 0.20968244969844818,
    "recall": 0.971830985915493,
    "precision": 0.6026200873362445,
    "f1": 0.7439353099730458,
    "true_positives": 138,
    "false_positives": 91,
    "true_negatives": 612,
    "false_negatives": 4,
    "business_cost_score": 111.0
  },
  "test": {
    "set": "test",
    "n_samples": 845,
    "n_churned": 142,
    "auc_roc": 0.9901027788351732,
    "pr_auc": 0.9575633206650342,
    "brier_score": 0.03761769529470035,
    "threshold": 0.20968244969844818,
    "recall": 0.9929577464788732,
    "precision": 0.597457627118644,
    "f1": 0.746031746031746,
    "true_positives": 141,
    "false_positives": 95,
    "true_negatives": 608,
    "false_negatives": 1,
    "business_cost_score": 100.0
  },
  "gates": {
    "auc_roc_gte_0.85": true,
    "recall_gte_0.80": true,
    "precision_gte_0.60": false,
    "overfit_gap_lt_0.05": true
  }
}